Sample,average_Wtset,sd_Wtset,se_Wtset,average_Wtset10,sd_Wtset10,se_Wtset10
untransfected control,0.295,0.049497,0.035,3.125,0.601040764,0.425
empty vector control,0.275,0.06364,0.045,0.615,0.021213203,0.015
WT,1.055,0.13435,0.095,10.4,0.282842712,0.2
R92W,0.22,0.02,0.011547,3.113333333,0.08326664,0.048074017
P126V,0.23,0.017321,0.01,2.93,0.147309199,0.085049005
P129R,0.256666667,0.023094,0.013333,3.65,0.11,0.06350853
A138M,2.143333333,0.040415,0.023333,18.43333333,0.251661148,0.145296631
P162H,1.736666667,0.193477,0.111704,16.43333333,0.472581563,0.272845092
P162Y,2.15,0.087178,0.050332,19,0.2,0.115470054